{"PR":{"mediana":650,"moda":850,"media":648.9612940497,"desvio_padrao":98.6071859131},"RS":{"mediana":650,"moda":850,"media":651.1051428571,"desvio_padrao":95.1365984138},"SC":{"mediana":653,"moda":850,"media":649.5376527423,"desvio_padrao":97.2334927934}}